Workbook

Sheet Summary Sheet
A1: S.No. | B1: Category (Scope) | C1: Emission in tCO2 (FY 23 - 24) | D1: Emission tCO2 ( FY 24 - 25)
A2: 1 | B2: Scope 1 | C2: ='Scope 1 Emissions'!C8 -> 0.12672 | D2: ='Scope 1 Emissions'!D8 -> 5.39262
A3: 2 | B3: Scope 2 | C3: =0 -> 0 | D3: =0 -> 0 | E3: Note: As the emissions from Scope 2 are from renewable energy source, Hence scope 2 emission are considered to be ZERO
A4: Total Emissions (Scope 1 & 2) | C4: =SUM(C2:C3) -> 0.12672 | D4: =SUM(D2:D3) -> 5.39262
B6: Total cumulative emissions in tCO2 | D6: =C4+D4 -> 5.51934

Sheet Scope 1 Emissions
A1: S.No. | B1: Sources of Emission | C1: Emission in tCO2 (FY 23 - 24) | D1: Emission in tCO2 ( FY 24 - 25) | E1: Sum (S1+S2) | F1: % Contribution
A2: 1 | B2: Stationary Combustion | C2: =('Scope 1 Stationary Combustion'!F4) -> 0.12672 | D2: ='Scope 1 Stationary Combustion'!G4 -> 0.12672 | E2: =SUM(C2:D2) -> 0.25344 | F2: =E2/E8*100 -> 4.5918534
A3: 2 | B3: Mobile Combustion | C3: 0 | D3: 0 | E3: =SUM(C3:D3) -> 0 | F3: =E3/E8*100 -> 0
A4: 3 | B4: Fugitive Emission | C4: 0 | D4: 0 | E4: =SUM(C4:D4) -> 0 | F4: =E4/E8*100 -> 0
A5: 4 | B5: Refrigerent | C5: ='Scope 1 Refrigerent'!F4 -> 0 | D5: ='Scope 1 Refrigerent'!G4 -> 4.8744 | E5: =SUM(C5:D5) -> 4.8744 | F5: =E5/E8*100 -> 88.314907
A6: 5 | B6: CO2 Fire Extinguisher | C6: ='Scope 1 CO2 Fire Extinguisher'!G5 -> 0 | D6: ='Scope 1 CO2 Fire Extinguisher'!H5 -> 0.3915 | E6: =SUM(C6:D6) -> 0.3915 | F6: =E6/E8*100 -> 7.0932394
A7: 6 | B7: Others | C7: 0 | D7: 0 | E7: =SUM(C7:D7) -> 0 | F7: =E7/E8*100 -> 0
A8: Total | C8: =SUM(C2:C7) -> 0.12672 | D8: =SUM(D2:D7) -> 5.39262 | E8: =SUM(C8:D8) -> 5.51934 | F8: =E8/E8*100 -> 100

Sheet Scope 1 CO2 Fire Extinguisher
A1: S.No. | B1: CO2 Fire Extinguisher Used | C1: Qty | D1: Capacity in Kg (FY 23 -24) | E1: Qty | F1: Capacity in Kg (FY 24 -25) | G1: Emission in tCO2 (FY 23 - 24) | H1: Emission in tCO2 (FY 24 - 25)
A2: 1 | B2: CO2 Refilling | C2: 0 | D2: 0 | E2: 27 | F2: 4.5 | G2: =(C2*D2)/1000 -> 0 | H2: =(E2*F2)/1000 -> 0.1215
A3: 2 | B3: CO2 Refilling | C3: 0 | D3: 0 | E3: 7 | F3: 22.5 | G3: =(C3*D3)/1000 -> 0 | H3: =(E3*F3)/1000 -> 0.1575
A4: 3 | B4: CO2 New Cylinder | C4: 0 | D4: 0 | E4: 25 | F4: 4.5 | G4: =(C4*D4)/1000 -> 0 | H4: =(E4*F4)/1000 -> 0.1125
A5: Total Emission | H5: =SUM(H2:H4) -> 0.3915

Sheet Scope 1 Stationary Combustion
A1: S.No. | B1: Fuel Consumption (Diese) | C1: Qty (FY 23 -24) | D1: Qty (FY 24 -25) | E1: Unit | F1: Emission in tCO2 (FY 23 - 24) | G1: Emission in tCO2 (FY 24 - 25)
A2: 1 | B2: Diesel consumption at Sprinkiling engine | C2: =C19 -> 48 | D2: =H19 -> 48 | E2: liters | F2: =E19 -> 0.12672 | G2: =J19 -> 0.12672
A4: Total Emission | F4: =SUM(F2:F3) -> 0.12672 | G4: =SUM(G2:G3) -> 0.12672
B6: Month | C6: Total Fuel Consumed (Diesel) | D6: Unit | E6: tCO2 | G6: Month | H6: Total Fuel Consumed (Diesel) | I6: Unit | J6: tCO2 | L6: Note : The Sprinkler engine operate only for trial run for the emergency preparedness for the period of 15 mins in a week and consumes 1liter / run of 15 mins, total diesel consumption per month is 4 liters
B7: 45017 | C7: =(0.25*4*4) -> 4 | D7: liter | E7: =(C7*References!D6)/1000 -> 0.01056 | F7: 0.0116 | G7: 45383 | H7: =(0.25*4*4) -> 4 | I7: liter | J7: =(H7*References!D6)/1000 -> 0.01056
B8: 45047 | C8: 4 | D8: liter | E8: =(C8*References!D6)/1000 -> 0.01056 | F8: 0.0116 | G8: 45413 | H8: 4 | I8: liter | J8: =(H8*References!D6)/1000 -> 0.01056
B9: 45078 | C9: 4 | D9: liter | E9: =(C9*References!D6)/1000 -> 0.01056 | F9: 0.0116 | G9: 45444 | H9: 4 | I9: liter | J9: =(H9*References!D6)/1000 -> 0.01056
B10: 45108 | C10: 4 | D10: liter | E10: =(C10*References!D6)/1000 -> 0.01056 | F10: 0.0116 | G10: 45474 | H10: 4 | I10: liter | J10: =(H10*References!D6)/1000 -> 0.01056
B11: 45139 | C11: 4 | D11: liter | E11: =(C11*References!D6)/1000 -> 0.01056 | F11: 0.0116 | G11: 45505 | H11: 4 | I11: liter | J11: =(H11*References!D6)/1000 -> 0.01056
B12: 45170 | C12: 4 | D12: liter | E12: =(C12*References!D6)/1000 -> 0.01056 | F12: 0.0116 | G12: 45536 | H12: 4 | I12: liter | J12: =(H12*References!D6)/1000 -> 0.01056
B13: 45200 | C13: 4 | D13: liter | E13: =(C13*References!D6)/1000 -> 0.01056 | F13: 0.0116 | G13: 45566 | H13: 4 | I13: liter | J13: =(H13*References!D6)/1000 -> 0.01056
B14: 45231 | C14: 4 | D14: liter | E14: =(C14*References!D6)/1000 -> 0.01056 | F14: 0.0116 | G14: 45597 | H14: 4 | I14: liter | J14: =(H14*References!D6)/1000 -> 0.01056
B15: 45261 | C15: 4 | D15: liter | E15: =(C15*References!D6)/1000 -> 0.01056 | F15: 0.0116 | G15: 45627 | H15: 4 | I15: liter | J15: =(H15*References!D6)/1000 -> 0.01056
B16: 45292 | C16: 4 | D16: liter | E16: =(C16*References!D6)/1000 -> 0.01056 | F16: 0.0116 | G16: 45658 | H16: 4 | I16: liter | J16: =(H16*References!D6)/1000 -> 0.01056
B17: 45323 | C17: 4 | D17: liter | E17: =(C17*References!D6)/1000 -> 0.01056 | F17: 0.0116 | G17: 45689 | H17: 4 | I17: liter | J17: =(H17*References!D6)/1000 -> 0.01056
B18: 45352 | C18: 4 | D18: liter | E18: =(C18*References!D6)/1000 -> 0.01056 | F18: 0.0116 | G18: 45717 | H18: 4 | I18: liter | J18: =(H18*References!D6)/1000 -> 0.01056
B19: Total | C19: =SUM(C7:C18) -> 48 | D19: liter | E19: =SUM(E7:E18) -> 0.12672 | F19: =SUM(F7:F18) -> 0.1392 | G19: Total | H19: =SUM(H7:H18) -> 48 | I19: liter | J19: =SUM(J7:J18) -> 0.12672
D21: =SUM(F7:F15) -> 0.1044
F23: =F19*2 -> 0.2784 | G23: 4.8744

Sheet Scope 1 Refrigerent
A1: S.No. | B1: Refrigerent Used | C1: qty in Kg (FY 23 -24) | D1: Qty in Kg (FY 24 -25) | E1: Emission Factor (kgCO2/Kg R32) | F1: Emission in tCO2 (FY 23 - 24) | G1: Emission in tCO2 (FY 24 - 25)
A2: 1 | B2: R32 A | C2: 0 | D2: =1*1.2 -> 1.2 | E2: =References!C13 -> 677 | F2: =(D2*C2)/1000 -> 0 | G2: =(E2*D2)/1000 -> 0.8124
A3: 2 | B3: R32 A | C3: 0 | D3: =1*6 -> 6 | E3: =References!C13 -> 677 | F3: =(D3*C3)/1000 -> 0 | G3: =(E3*D3)/1000 -> 4.062
A4: Total Emission | G4: =SUM(G2:G3) -> 4.8744
A5: Note: 2.0Ton A/C - 1200gram Gas topup (1 No.) 1.5Ton A/C - 1000gram Gas topup (6 No's)

Sheet Scope 2 Emissions FY23-24
A1: Electricity Consumption (FY 2023-2024)
A2: Month | B2: Total Electricity Consumed (Renewable) | C2: Unit | D2: tCO2 | R2: Reference - https://www.toyotabharat.com/toyota-in-india/environment/plant-zero-co2.html
A3: 45017 | B3: 86370 | C3: kWh | D3: =(B3*References!D5)/1000 -> 62.79099 | E3: 0.71 | F3: =B3*E3/1000 -> 61.3227
A4: 45047 | B4: 108860 | C4: kWh | D4: =(B4*References!D5)/1000 -> 79.14122 | E4: 0.71 | F4: =B4*E4/1000 -> 77.2906
A5: 45078 | B5: 114070 | C5: kWh | D5: =(B5*References!D5)/1000 -> 82.92889 | E5: 0.71 | F5: =B5*E5/1000 -> 80.9897
A6: 45108 | B6: 113550 | C6: kWh | D6: =(B6*References!D5)/1000 -> 82.55085 | E6: 0.71 | F6: =B6*E6/1000 -> 80.6205
A7: 45139 | B7: 126170 | C7: kWh | D7: =(B7*References!D5)/1000 -> 91.72559 | E7: 0.71 | F7: =B7*E7/1000 -> 89.5807
A8: 45170 | B8: 115960 | C8: kWh | D8: =(B8*References!D5)/1000 -> 84.30292 | E8: 0.71 | F8: =B8*E8/1000 -> 82.3316
A9: 45200 | B9: 108400 | C9: kWh | D9: =(B9*References!D5)/1000 -> 78.8068 | E9: 0.71 | F9: =B9*E9/1000 -> 76.964
A10: 45231 | B10: 101460 | C10: kWh | D10: =(B10*References!D5)/1000 -> 73.76142 | E10: 0.71 | F10: =B10*E10/1000 -> 72.0366
A11: 45261 | B11: 117700 | C11: kWh | D11: =(B11*References!D5)/1000 -> 85.5679 | E11: 0.71 | F11: =B11*E11/1000 -> 83.567
A12: 45292 | B12: 112030 | C12: kWh | D12: =(B12*References!D5)/1000 -> 81.44581 | E12: 0.71 | F12: =B12*E12/1000 -> 79.5413
A13: 45323 | B13: 103770 | C13: kWh | D13: =(B13*References!D5)/1000 -> 75.44079 | E13: 0.71 | F13: =B13*E13/1000 -> 73.6767
A14: 45352 | B14: 117410 | C14: kWh | D14: =(B14*References!D5)/1000 -> 85.35707 | E14: 0.71 | F14: =B14*E14/1000 -> 83.3611
A15: Total | B15: =SUM(B3:B14) -> 1325750 | C15: kWh | D15: =SUM(D3:D14) -> 963.82025 | F15: =SUM(F3:F14) -> 941.2825 | G15: =SUM(F3:F11) -> 704.7034 | I15: 941.28
A16: Note: As 100% of the consumed electricity is supplied by TKM and TKM Produces its 100% electricity from renewable sources (solar), the Scope 2 emissions are considered as "zero" | G16: =F12+F13+F14 -> 236.5791

Sheet Scope 2 Emissions FY24-25
A1: Electricity Consumption (FY 2024-2025)
A2: Month | B2: Total Electricity Consumed (Renewable) | C2: Unit | D2: tCO2 | Q2: Reference - https://www.toyotabharat.com/toyota-in-india/environment/plant-zero-co2.html
A3: 45383 | B3: 88510 | C3: kWh | D3: =(B3*References!D5)/1000 -> 64.34677 | E3: 0.71 | F3: =B3*E3/1000 -> 62.8421
A4: 45413 | B4: 100090 | C4: kWh | D4: =(B4*References!D5)/1000 -> 72.76543 | E4: 0.71 | F4: =B4*E4/1000 -> 71.0639
A5: 45444 | B5: 104370 | C5: kWh | D5: =(B5*References!D5)/1000 -> 75.87699 | E5: 0.71 | F5: =B5*E5/1000 -> 74.1027
A6: 45474 | B6: 101240 | C6: kWh | D6: =(B6*References!D5)/1000 -> 73.60148 | E6: 0.71 | F6: =B6*E6/1000 -> 71.8804
A7: 45505 | B7: 81170 | C7: kWh | D7: =(B7*References!D5)/1000 -> 59.01059 | E7: 0.71 | F7: =B7*E7/1000 -> 57.6307
A8: 45536 | B8: 78440 | C8: kWh | D8: =(B8*References!D5)/1000 -> 57.02588 | E8: 0.71 | F8: =B8*E8/1000 -> 55.6924
A9: 45566 | B9: 72530 | C9: kWh | D9: =(B9*References!D5)/1000 -> 52.72931 | E9: 0.71 | F9: =B9*E9/1000 -> 51.4963
A10: 45597 | B10: 86890 | C10: kWh | D10: =(B10*References!D5)/1000 -> 63.16903 | E10: 0.71 | F10: =B10*E10/1000 -> 61.6919
A11: 45627 | B11: 90760 | C11: kWh | D11: =(B11*References!D5)/1000 -> 65.98252 | E11: 0.71 | F11: =B11*E11/1000 -> 64.4396
A12: 45658 | B12: 92250 | C12: kWh | D12: =(B12*References!D5)/1000 -> 67.06575 | E12: 0.71 | F12: =B12*E12/1000 -> 65.4975
A13: 45689 | B13: 105030 | C13: kWh | D13: =(B13*References!D5)/1000 -> 76.35681 | E13: 0.71 | F13: =B13*E13/1000 -> 74.5713
A14: 45717 | B14: 110080 | C14: kWh | D14: =(B14*References!D5)/1000 -> 80.02816 | E14: 0.71 | F14: =B14*E14/1000 -> 78.1568
A15: Total | B15: =SUM(B3:B14) -> 1111360 | C15: kWh | D15: =SUM(D3:D14) -> 807.95872 | F15: =SUM(F3:F14) -> 789.0656
A16: Note: As 100% of the consumed electricity is supplied by TKM and TKM Produces its 100% electricity from renewable sources (solar), the Scope 2 emissions are considered as "zero"

Sheet References
A1: Conversion Factors
A3: Fuel | B3: Unit | C3: ton CO2e | D3: ton CO2 | E3: ton CH4 | F3: ton N2O | G3: Reference
A4: LPG | B4: tonnes | C4: 2.986 | D4: 2.984 | E4: 0.00132 | F4: 0.00125 | G4: IPCC
A5: Electricity | B5: Mwh | C5: 0.727 | D5: 0.727 | E5: 0 | F5: 0 | G5: CEA (2024)
A6: Diesel | B6: kiloliters | C6: 2.649 | D6: 2.64 | E6: 0.002988 | F6: 0.00567 | G6: IPCC
A7: Petrol | B7: kiloliters | C7: 2.372 | D7: 2.364 | E7: 0.00286 | F7: 0.0053 | G7: IPCC
A8: Wood | B8: tonnes | C8: 1.5322102 | D8: 1.53171 | E8: 0.00044225 | F8: 5.795e-05 | G8: India GHG program
A9: CNG | B9: tonnes | C9: 0.7344 | D9: 0.7344 | E9: 0 | F9: 0 | G9: IPCC Guidelines
A10: LNG | B10: m3 | C10: 0.001858 | D10: 0.001858 | E10: 0 | F10: 0 | G10: IPCC Guidelines
A11: Furnace Oil | B11: kiloliters | C11: 2.53627 | D11: 2.52377 | E11: 0.00621 | F11: 0.00629
A12: Coal | B12: tonnes | C12: =D12 -> 2.4407 | D12: 2.4407 | E12: 0 | F12: 0 | G12: IPCC (N2O & CH4 is minimal so not included in the calculation)
A13: Refrigerant (R32A) | B13: kg CO2e | C13: 677 | D13: 677 | E13: 0 | F13: 0 | G13: UK DEFRA 2025
